{
  "Dragut2019": {
    "a": 0.046272537038993186,
    "b": 80419.0618350111
  },
  "Kang2023": {
    "a": 0.05070886622360188,
    "b": 26726.336524806484
  }
}