{
  "Dragut-2019-gpu": {
    "gpu_curve": {
      "a": 0.6755262989703686,
      "b": 0.5527236748267395
    },
    "rmse": 0.09234971276537036,
    "ci_low": 0.6346937604545866,
    "ci_high": 0.7163588374711207,
    "cost_per_unit": 1.4
  },
  "Dragut-2019-label": {
    "label_curve": {
      "a": 0.7067095939824509,
      "b": 0.01403457576650111
    },
    "rmse": 0.022392691272263527,
    "ci_low": 0.5838471273487997,
    "ci_high": 0.7201037392089953,
    "cost_per_unit": 0.02
  },
  "Kang-2023-label": {
    "label_curve": {
      "a": 58.343673826453234,
      "b": 0.16021633317253262
    },
    "rmse": 8.75528197515997,
    "ci_low": 51.95865429557492,
    "ci_high": 62.450607016552155,
    "cost_per_unit": 0.02
  },
  "Kang-2023-gpu": {
    "label_curve": {
      "a": 74.75530501630796,
      "b": 0.018140533193659804
    },
    "rmse": 2.3325872580796783,
    "ci_low": 63.246168870279575,
    "ci_high": 66.76395485284434,
    "cost_per_unit": 0.02
  },
  "Stiennon2021-label": {
    "label_curve": {
      "a": 0.598557377126995,
      "b": 0.06395283390692712
    },
    "rmse": 0.0017868681670706343,
    "ci_low": 0.595,
    "ci_high": 0.602,
    "cost_per_unit": 0.03
  },
  "Stiennon2021-gpu": {
    "gpu_curve": {
      "a": 0.7433398371043968,
      "b": 0.019283447556406243
    },
    "rmse": 0.0017868681670706343,
    "ci_low": 0.741,      
    "ci_high": 0.746,
    "cost_per_unit": 1.40 
  }
}