{
  "Dragut-2019-gpu": {
    "gpu_curve": {
      "a": 0.8797750219411579,
      "b": 0.01311461567199672
    },
    "rmse": 0.03687726468736297,
    "ci_low": 0.6393345517385206,
    "ci_high": 0.6770751456354428,
    "cost_per_unit": 1.4
  },
  "Dragut-2019-label": {
    "label_curve": {
      "a": 0.7067095939824509,
      "b": 0.01403457576650111
    },
    "rmse": 0.022392691272263527,
    "ci_low": 0.5838471273487997,
    "ci_high": 0.7201037392089953,
    "cost_per_unit": 0.02
  },
  "Kang-2023-label": {
    "label_curve": {
      "a": 0.5834369678221811,
      "b": 0.1602142934871326
    },
    "rmse": 0.0875528197662136,
    "ci_low": 0.5195865033171803,
    "ci_high": 0.6245060305444652,
    "cost_per_unit": 0.02
  },
  "Kang-2023-gpu": {
    "gpu_curve": {
      "a": 0.7475530813492439,
      "b": 0.01814052978152499
    },
    "rmse": 0.023325872580843163,
    "ci_low": 0.7324616860073203,
    "ci_high": 0.767639545833038,
    "cost_per_unit": 1.4
  },
  "Stiennon2021-label": {
    "label_curve": {
      "a": 0.598557377126995,
      "b": 0.06395283390692712
    },
    "rmse": 0.0017868681670706343,
    "ci_low": 0.595,
    "ci_high": 0.602,
    "cost_per_unit": 0.03
  },
  "Stiennon2021-gpu": {
    "gpu_curve": {
      "a": 0.7433398371043968,
      "b": 0.019283447556406243
    },
    "rmse": 0.0017868681670706343,
    "ci_low": 0.741,
    "ci_high": 0.746,
    "cost_per_unit": 1.4
  }
}