{
  "Dragut2019": {
    "rmse": 0.2901197876389743,
    "label_curve": {
      "a": 0.7067095939824509,
      "b": 0.01403457576650111
    },
    "gpu_curve": {
      "a": 0.694,
      "b": 0.442
    }
  },
  "Kang2023": {
    "rmse": 0.087553,
    "label_curve": {
      "a": 0.583437,
      "b": 0.160216
    },
    "gpu_curve": {
      "a": 0.747553,
      "b": 0.018141
    }
  },
  "Dragut2019_phone": {
    "rmse": 0.09236090890275728,
    "label_curve": {
      "a": 0.7067095939824509,
      "b": 0.01403457576650111
    },
    "gpu_curve": {
      "a": 0.694,
      "b": 0.442
    }
  },
  "Stiennon2021": {
    "rmse": 0.0017868681670706343,
    "label_curve": {
      "a": 0.598557377126995,
      "b": 0.06395283390692712
    },
    "gpu_curve": {
      "a": 0.7433398371043968,
      "b": 0.019283447556406243
    }
  },
  "GenericNLP": {
    "label_curve": {
      "a": 0.6526334855547229,
      "b": 0.03899370483671411
    },
    "gpu_curve": {
      "a": 0.6265281461325339,
      "b": 0.23064172377820313
    }
  }
}