{
  "Dragut-2019-label": {
    "label_curve": { "a": 0.7067095939824509, "b": 0.01403457576650111 },
    "rmse": 0.022392691272263527,
    "cost_per_unit": 0.02
  },
  "Dragut-2019-gpu": {
    "gpu_curve": { "a": 0.694, "b": 0.442 },
    "rmse": 0.022392691272263527,
    "cost_per_unit": 1.4
  },

  "Dragut2019-label": {
    "label_curve": { "a": 0.7067095939824509, "b": 0.01403457576650111 },
    "rmse": 0.022392691272263527,
    "cost_per_unit": 0.02
  },
  "Dragut2019-gpu": {
    "gpu_curve": { "a": 0.694, "b": 0.442 },
    "rmse": 0.022392691272263527,
    "cost_per_unit": 1.4
  },

  "Kang2023-label": {
    "label_curve": { "a": 0.598557377126995, "b": 0.06395283390692712 },
    "rmse": 0.0875528197662136,
    "cost_per_unit": 0.02
  },
  "Kang2023-gpu": {
    "gpu_curve": { "a": 0.7433398371043968, "b": 0.019283447556406243 },
    "rmse": 0.0875528197662136,
    "cost_per_unit": 1.4
  },

  "Stiennon2021-label": {
    "label_curve": { "a": 0.598557377126995, "b": 0.06395283390692712 },
    "rmse": 0.0017868681670706343,
    "cost_per_unit": 0.03
  },
  "Stiennon2021-gpu": {
    "gpu_curve": { "a": 0.7433398371043968, "b": 0.019283447556406243 },
    "rmse": 0.0017868681670706343,
    "cost_per_unit": 1.4
  }
}
