{
  "Dragut2019": {
    "a": 0.059822420809116206,
    "b": 6142.700598670659
  },
  "Kang2023": {
    "a": 0.05070886622360188,
    "b": 26726.336524806484
  }
}