{
  "Dragut2019": {
    "a": 0.058039429533113265,
    "b": 9106.38871235743
  },
  "Kang2023": {
    "a": 0.050873010827797036,
    "b": 25569.76421616525
  }
}