{
  "Dragut2019": {
    "a": 0.252,
    "b": 0.3258756007084436,
    "rmse": 0.3034459512787006
  },
  "Kang2023": {
    "a": 0.26144999999999996,
    "b": 0.07443335780186082,
    "rmse": 0.35077038410748335
  }
}