{
  "Dragut2019": {
    "a": 0.06100439260859058,
    "b": 4742.4021702638,
    "rmse": 0.2901197876389743
  },
  "Kang2023": {
    "a": 0.05125402181006701,
    "b": 22742.871465292897,
    "rmse": 0.32509730650961494
  },
  "Dragut2019_phone": {
    "a": 0.045715950207470955,
    "b": 28660.033133158737,
    "rmse": 0.09236090890275728
  }
}